timestamp_utc,query_number,run_number,request_order,provider,query,status_code,response_time_ms,payload_size_bytes,organic_result_count,organic_urls,error
2026-09-13T13:27:28.944874+00:00,1,1,1,SearchApi,best project management software,200,2813.97,45711,9,"[""https://www.icagile.com/resources/honest-review-of-6-personal-project-management-tools-with-kanban-view"", ""https://www.paymoapp.com/blog/project-management-software/"", ""https://www.reddit.com/r/projectmanagement/comments/1jwjw9s/what_project_management_tools_do_you_guys/"", ""https://www.wrike.com/project-management-guide/faq/what-are-project-management-tools/"", ""https://technologyadvice.com/project-management/"", ""https://project-management.com/top-10-project-management-software/"", ""https://thedigitalprojectmanager.com/tools/best-project-management-software/"", ""https://www.youtube.com/watch?v=2CPcky1KQJo"", ""https://www.proprofsproject.com/blog/free-project-management-software/""]",
2026-09-13T13:27:33.762316+00:00,1,1,2,SerpApi,best project management software,200,38603.11,64525,8,"[""https://www.icagile.com/resources/honest-review-of-6-personal-project-management-tools-with-kanban-view"", ""https://www.paymoapp.com/blog/project-management-software/"", ""https://www.reddit.com/r/projectmanagement/comments/1jwjw9s/what_project_management_tools_do_you_guys/"", ""https://www.wrike.com/project-management-guide/faq/what-are-project-management-tools/"", ""https://technologyadvice.com/project-management/"", ""https://project-management.com/top-10-project-management-software/"", ""https://thedigitalprojectmanager.com/tools/best-project-management-software/"", ""https://www.proprofsproject.com/blog/free-project-management-software/""]",
2026-09-13T13:28:14.369421+00:00,1,2,1,SerpApi,best project management software,200,3579.87,61488,8,"[""https://www.icagile.com/resources/honest-review-of-6-personal-project-management-tools-with-kanban-view"", ""https://www.paymoapp.com/blog/project-management-software/"", ""https://www.reddit.com/r/projectmanagement/comments/1jwjw9s/what_project_management_tools_do_you_guys/"", ""https://www.wrike.com/project-management-guide/faq/what-are-project-management-tools/"", ""https://project-management.com/top-10-project-management-software/"", ""https://technologyadvice.com/project-management/"", ""https://thedigitalprojectmanager.com/tools/best-project-management-software/"", ""https://www.proprofsproject.com/blog/free-project-management-software/""]",
2026-09-13T13:28:19.954123+00:00,1,2,2,SearchApi,best project management software,200,3269.84,33107,8,"[""https://www.icagile.com/resources/honest-review-of-6-personal-project-management-tools-with-kanban-view"", ""https://www.paymoapp.com/blog/project-management-software/"", ""https://www.reddit.com/r/projectmanagement/comments/1jwjw9s/what_project_management_tools_do_you_guys/"", ""https://www.wrike.com/project-management-guide/faq/what-are-project-management-tools/"", ""https://technologyadvice.com/project-management/"", ""https://project-management.com/top-10-project-management-software/"", ""https://thedigitalprojectmanager.com/tools/best-project-management-software/"", ""https://www.proprofsproject.com/blog/free-project-management-software/""]",
2026-09-13T13:28:25.227754+00:00,1,3,1,SearchApi,best project management software,200,3285.2,37663,8,"[""https://www.icagile.com/resources/honest-review-of-6-personal-project-management-tools-with-kanban-view"", ""https://www.paymoapp.com/blog/project-management-software/"", ""https://www.reddit.com/r/projectmanagement/comments/1jwjw9s/what_project_management_tools_do_you_guys/"", ""https://www.wrike.com/project-management-guide/faq/what-are-project-management-tools/"", ""https://thedigitalprojectmanager.com/tools/best-project-management-software/"", ""https://technologyadvice.com/project-management/"", ""https://project-management.com/top-10-project-management-software/"", ""https://www.proprofsproject.com/blog/free-project-management-software/""]",
2026-09-13T13:28:30.519578+00:00,1,3,2,SerpApi,best project management software,200,8674.12,58463,8,"[""https://www.icagile.com/resources/honest-review-of-6-personal-project-management-tools-with-kanban-view"", ""https://www.paymoapp.com/blog/project-management-software/"", ""https://www.wrike.com/project-management-guide/faq/what-are-project-management-tools/"", ""https://www.reddit.com/r/projectmanagement/comments/1r7dr5i/project_management_tools_ranked_comparison_table/"", ""https://thedigitalprojectmanager.com/tools/best-project-management-software/"", ""https://technologyadvice.com/project-management/"", ""https://project-management.com/top-10-project-management-software/"", ""https://www.proprofsproject.com/blog/free-project-management-software/""]",
2026-09-13T13:28:41.202297+00:00,1,4,1,SerpApi,best project management software,200,5220.79,69550,8,"[""https://www.icagile.com/resources/honest-review-of-6-personal-project-management-tools-with-kanban-view"", ""https://www.paymoapp.com/blog/project-management-software/"", ""https://www.reddit.com/r/projectmanagement/comments/1jwjw9s/what_project_management_tools_do_you_guys/"", ""https://technologyadvice.com/project-management/"", ""https://www.wrike.com/project-management-guide/faq/what-are-project-management-tools/"", ""https://project-management.com/top-10-project-management-software/"", ""https://thedigitalprojectmanager.com/tools/best-project-management-software/"", ""https://www.proprofsproject.com/blog/free-project-management-software/""]",
2026-09-13T13:28:48.425983+00:00,1,4,2,SearchApi,best project management software,200,6890.44,34738,9,"[""https://www.icagile.com/resources/honest-review-of-6-personal-project-management-tools-with-kanban-view"", ""https://www.paymoapp.com/blog/project-management-software/"", ""https://www.reddit.com/r/projectmanagement/comments/1jwjw9s/what_project_management_tools_do_you_guys/"", ""https://www.wrike.com/project-management-guide/faq/what-are-project-management-tools/"", ""https://thedigitalprojectmanager.com/tools/best-project-management-software/"", ""https://technologyadvice.com/project-management/"", ""https://project-management.com/top-10-project-management-software/"", ""https://www.youtube.com/watch?v=2CPcky1KQJo"", ""https://www.proprofsproject.com/blog/free-project-management-software/""]",
2026-09-13T13:28:57.319765+00:00,1,5,1,SearchApi,best project management software,200,3005.11,31390,9,"[""https://www.icagile.com/resources/honest-review-of-6-personal-project-management-tools-with-kanban-view"", ""https://www.paymoapp.com/blog/project-management-software/"", ""https://www.reddit.com/r/projectmanagement/comments/1jwjw9s/what_project_management_tools_do_you_guys/"", ""https://www.wrike.com/project-management-guide/faq/what-are-project-management-tools/"", ""https://thedigitalprojectmanager.com/tools/best-project-management-software/"", ""https://technologyadvice.com/project-management/"", ""https://project-management.com/top-10-project-management-software/"", ""https://www.youtube.com/watch?v=2CPcky1KQJo"", ""https://www.proprofsproject.com/blog/free-project-management-software/""]",
2026-09-13T13:29:02.334143+00:00,1,5,2,SerpApi,best project management software,200,3863.65,65592,8,"[""https://www.icagile.com/resources/honest-review-of-6-personal-project-management-tools-with-kanban-view"", ""https://www.paymoapp.com/blog/project-management-software/"", ""https://www.reddit.com/r/projectmanagement/comments/1jwjw9s/what_project_management_tools_do_you_guys/"", ""https://www.wrike.com/project-management-guide/faq/what-are-project-management-tools/"", ""https://project-management.com/top-10-project-management-software/"", ""https://technologyadvice.com/project-management/"", ""https://thedigitalprojectmanager.com/tools/best-project-management-software/"", ""https://www.proprofsproject.com/blog/free-project-management-software/""]",
2026-09-13T13:29:08.202292+00:00,2,1,1,SearchApi,python web scraping tutorial,200,3018.14,43807,8,"[""https://www.geeksforgeeks.org/python/python-web-scraping-tutorial/"", ""https://www.reddit.com/r/learnpython/comments/qzr8ir/how_to_start_web_scraping_with_python/"", ""https://guides.lib.utexas.edu/web-scrapping/scraping-with-python"", ""https://realpython.com/python-web-scraping-practical-introduction/"", ""https://hbs-rcs.github.io/hbsgrid-docs/tutorials/PythonWebScrape/"", ""https://www.tutorialspoint.com/python_web_scraping/index.htm"", ""https://mattermost.com/blog/how-to-scrape-website-data-using-python/"", ""https://medium.com/@joerosborne/intro-to-web-scraping-build-your-first-scraper-in-5-minutes-1c36b5c4b110""]",
2026-09-13T13:29:13.225304+00:00,2,1,2,SerpApi,python web scraping tutorial,200,27188.14,54383,8,"[""https://www.geeksforgeeks.org/python/python-web-scraping-tutorial/"", ""https://www.reddit.com/r/learnpython/comments/qzr8ir/how_to_start_web_scraping_with_python/"", ""https://guides.lib.utexas.edu/web-scrapping/scraping-with-python"", ""https://realpython.com/python-web-scraping-practical-introduction/"", ""https://hbs-rcs.github.io/hbsgrid-docs/tutorials/PythonWebScrape/"", ""https://www.tutorialspoint.com/python_web_scraping/index.htm"", ""https://mattermost.com/blog/how-to-scrape-website-data-using-python/"", ""https://medium.com/@joerosborne/intro-to-web-scraping-build-your-first-scraper-in-5-minutes-1c36b5c4b110""]",
2026-09-13T13:29:42.416131+00:00,2,2,1,SerpApi,python web scraping tutorial,200,8869.61,47662,8,"[""https://www.geeksforgeeks.org/python/python-web-scraping-tutorial/"", ""https://www.reddit.com/r/learnpython/comments/qzr8ir/how_to_start_web_scraping_with_python/"", ""https://guides.lib.utexas.edu/web-scrapping/scraping-with-python"", ""https://realpython.com/python-web-scraping-practical-introduction/"", ""https://www.tutorialspoint.com/python_web_scraping/index.htm"", ""https://mattermost.com/blog/how-to-scrape-website-data-using-python/"", ""https://medium.com/@joerosborne/intro-to-web-scraping-build-your-first-scraper-in-5-minutes-1c36b5c4b110"", ""https://www.scrapingbee.com/blog/web-scraping-101-with-python/""]",
2026-09-13T13:29:53.290029+00:00,2,2,2,SearchApi,python web scraping tutorial,200,4094.64,46606,8,"[""https://www.geeksforgeeks.org/python/python-web-scraping-tutorial/"", ""https://www.reddit.com/r/learnpython/comments/qzr8ir/how_to_start_web_scraping_with_python/"", ""https://guides.lib.utexas.edu/web-scrapping/scraping-with-python"", ""https://realpython.com/python-web-scraping-practical-introduction/"", ""https://www.tutorialspoint.com/python_web_scraping/index.htm"", ""https://mattermost.com/blog/how-to-scrape-website-data-using-python/"", ""https://medium.com/@joerosborne/intro-to-web-scraping-build-your-first-scraper-in-5-minutes-1c36b5c4b110"", ""https://www.scrapingbee.com/blog/web-scraping-101-with-python/""]",
2026-09-13T13:29:59.387509+00:00,2,3,1,SearchApi,python web scraping tutorial,200,4341.49,46067,8,"[""https://www.geeksforgeeks.org/python/python-web-scraping-tutorial/"", ""https://www.reddit.com/r/learnpython/comments/qzr8ir/how_to_start_web_scraping_with_python/"", ""https://guides.lib.utexas.edu/web-scrapping/scraping-with-python"", ""https://realpython.com/python-web-scraping-practical-introduction/"", ""https://hbs-rcs.github.io/hbsgrid-docs/tutorials/PythonWebScrape/"", ""https://www.tutorialspoint.com/python_web_scraping/index.htm"", ""https://mattermost.com/blog/how-to-scrape-website-data-using-python/"", ""https://medium.com/@joerosborne/intro-to-web-scraping-build-your-first-scraper-in-5-minutes-1c36b5c4b110""]",
2026-09-13T13:30:05.732458+00:00,2,3,2,SerpApi,python web scraping tutorial,200,16058.62,54873,8,"[""https://www.geeksforgeeks.org/python/python-web-scraping-tutorial/"", ""https://www.reddit.com/r/learnpython/comments/qzr8ir/how_to_start_web_scraping_with_python/"", ""https://guides.lib.utexas.edu/web-scrapping/scraping-with-python"", ""https://realpython.com/python-web-scraping-practical-introduction/"", ""https://hbs-rcs.github.io/hbsgrid-docs/tutorials/PythonWebScrape/"", ""https://www.tutorialspoint.com/python_web_scraping/index.htm"", ""https://mattermost.com/blog/how-to-scrape-website-data-using-python/"", ""https://medium.com/@joerosborne/intro-to-web-scraping-build-your-first-scraper-in-5-minutes-1c36b5c4b110""]",
2026-09-13T13:30:23.793927+00:00,2,4,1,SerpApi,python web scraping tutorial,200,1379.22,46158,8,"[""https://www.geeksforgeeks.org/python/python-web-scraping-tutorial/"", ""https://www.reddit.com/r/learnpython/comments/qzr8ir/how_to_start_web_scraping_with_python/"", ""https://guides.lib.utexas.edu/web-scrapping/scraping-with-python"", ""https://realpython.com/python-web-scraping-practical-introduction/"", ""https://www.tutorialspoint.com/python_web_scraping/index.htm"", ""https://mattermost.com/blog/how-to-scrape-website-data-using-python/"", ""https://medium.com/@joerosborne/intro-to-web-scraping-build-your-first-scraper-in-5-minutes-1c36b5c4b110"", ""https://www.scrapingbee.com/blog/web-scraping-101-with-python/""]",
2026-09-13T13:30:27.176523+00:00,2,4,2,SearchApi,python web scraping tutorial,200,2138.17,43647,8,"[""https://www.geeksforgeeks.org/python/python-web-scraping-tutorial/"", ""https://www.reddit.com/r/learnpython/comments/qzr8ir/how_to_start_web_scraping_with_python/"", ""https://guides.lib.utexas.edu/web-scrapping/scraping-with-python"", ""https://realpython.com/python-web-scraping-practical-introduction/"", ""https://www.tutorialspoint.com/python_web_scraping/index.htm"", ""https://mattermost.com/blog/how-to-scrape-website-data-using-python/"", ""https://medium.com/@joerosborne/intro-to-web-scraping-build-your-first-scraper-in-5-minutes-1c36b5c4b110"", ""https://www.scrapingbee.com/blog/web-scraping-101-with-python/""]",
2026-09-13T13:30:31.317386+00:00,2,5,1,SearchApi,python web scraping tutorial,200,4275.94,44137,8,"[""https://www.geeksforgeeks.org/python/python-web-scraping-tutorial/"", ""https://www.reddit.com/r/learnpython/comments/qzr8ir/how_to_start_web_scraping_with_python/"", ""https://guides.lib.utexas.edu/web-scrapping/scraping-with-python"", ""https://realpython.com/python-web-scraping-practical-introduction/"", ""https://www.tutorialspoint.com/python_web_scraping/index.htm"", ""https://mattermost.com/blog/how-to-scrape-website-data-using-python/"", ""https://medium.com/@joerosborne/intro-to-web-scraping-build-your-first-scraper-in-5-minutes-1c36b5c4b110"", ""https://www.scrapingbee.com/blog/web-scraping-101-with-python/""]",
2026-09-13T13:30:37.596614+00:00,2,5,2,SerpApi,python web scraping tutorial,200,14248.6,56418,8,"[""https://www.geeksforgeeks.org/python/python-web-scraping-tutorial/"", ""https://www.reddit.com/r/learnpython/comments/qzr8ir/how_to_start_web_scraping_with_python/"", ""https://guides.lib.utexas.edu/web-scrapping/scraping-with-python"", ""https://realpython.com/python-web-scraping-practical-introduction/"", ""https://www.tutorialspoint.com/python_web_scraping/index.htm"", ""https://mattermost.com/blog/how-to-scrape-website-data-using-python/"", ""https://medium.com/@joerosborne/intro-to-web-scraping-build-your-first-scraper-in-5-minutes-1c36b5c4b110"", ""https://www.scrapingbee.com/blog/web-scraping-101-with-python/""]",
2026-09-13T13:30:53.852567+00:00,3,1,1,SearchApi,weather in new york,200,6838.08,112298,9,"[""https://www.accuweather.com/en/us/new-york/10021/weather-forecast/349727"", ""https://weather.com/us/new-york/city/new-york-city/tenday"", ""https://abc7ny.com/weather/"", ""https://www.weather.gov/okx/"", ""https://www.bbc.com/weather/5128581"", ""https://www.accuweather.com/en/us/new-york/10021/weather-forecast/14-349727_1_al"", ""https://ny1.com/nyc/all-boroughs/weather"", ""https://www.nbcnewyork.com/weather/"", ""https://www.youtube.com/watch?v=0J8_uqjQbBk""]",
2026-09-13T13:31:02.696314+00:00,3,1,2,SerpApi,weather in new york,200,9069.68,173388,10,"[""https://www.accuweather.com/en/us/new-york/10021/weather-forecast/349727"", ""https://weather.com/us/new-york/city/new-york-city/tenday"", ""https://ny1.com/nyc/all-boroughs/weather"", ""https://www.weather.gov/okx"", ""https://www.bbc.com/weather/5128581"", ""https://abc7ny.com/weather/"", ""https://www.wunderground.com/weather/us/ny/new-york-city"", ""https://www.cbsnews.com/newyork/weather/"", ""https://www.fox5ny.com/weather"", ""https://forecast.weather.gov/MapClick.php?lat=40.7142&lon=-74.0059""]",
2026-09-13T13:31:13.771080+00:00,3,2,1,SerpApi,weather in new york,200,31738.74,171827,9,"[""https://www.accuweather.com/en/us/new-york/10021/weather-forecast/349727"", ""https://weather.com/us/new-york/city/new-york-city/tenday"", ""https://ny1.com/nyc/all-boroughs/weather"", ""https://www.weather.gov/okx"", ""https://www.bbc.com/weather/5128581"", ""https://abc7ny.com/weather/"", ""https://www.wunderground.com/weather/us/ny/new-york-city"", ""https://www.fox5ny.com/weather"", ""https://www.cbsnews.com/newyork/weather/""]",
2026-09-13T13:31:47.514348+00:00,3,2,2,SearchApi,weather in new york,200,4449.29,114538,10,"[""https://www.accuweather.com/en/us/new-york/10021/weather-forecast/349727"", ""https://weather.com/us/new-york/city/new-york-city/tenday"", ""https://abc7ny.com/weather/"", ""https://www.weather.gov/okx/"", ""https://www.bbc.com/weather/5128581"", ""https://www.accuweather.com/en/us/new-york/10021/weather-forecast/14-349727_1_al"", ""https://ny1.com/nyc/all-boroughs/weather"", ""https://www.nyc.gov/site/severeweather/index.page"", ""https://www.youtube.com/watch?v=0J8_uqjQbBk"", ""https://www.wunderground.com/weather/us/ny/new-york-city""]",
2026-09-13T13:31:53.967891+00:00,3,3,1,SearchApi,weather in new york,200,13017.06,122430,9,"[""https://www.accuweather.com/en/us/new-york/10021/weather-forecast/349727"", ""https://weather.com/us/new-york/city/new-york-city/tenday"", ""https://abc7ny.com/weather/"", ""https://www.weather.gov/okx"", ""https://www.bbc.com/weather/5128581"", ""https://www.accuweather.com/en/us/new-york/10021/weather-forecast/14-349727_1_al"", ""https://www.nbcnewyork.com/weather/"", ""https://ny1.com/nyc/all-boroughs/weather"", ""https://www.theweathernetwork.com/en/city/us/new-york/new-york/current""]",
2026-09-13T13:32:08.990117+00:00,3,3,2,SerpApi,weather in new york,200,3420.54,168266,10,"[""https://www.accuweather.com/en/us/new-york/10021/weather-forecast/349727"", ""https://weather.com/us/new-york/city/new-york-city/tenday"", ""https://ny1.com/nyc/all-boroughs/weather"", ""https://www.weather.gov/okx"", ""https://www.bbc.com/weather/5128581"", ""https://abc7ny.com/weather/"", ""https://www.wunderground.com/weather/us/ny/new-york-city"", ""https://www.fox5ny.com/weather"", ""https://www.cbsnews.com/newyork/weather/"", ""https://forecast.weather.gov/MapClick.php?lat=40.7142&lon=-74.0059""]",
2026-09-13T13:32:14.423022+00:00,3,4,1,SerpApi,weather in new york,200,38463.4,175080,9,"[""https://www.accuweather.com/en/us/new-york/10021/weather-forecast/349727"", ""https://weather.com/us/new-york/city/new-york-city/tenday"", ""https://abc7ny.com/weather/"", ""https://www.bbc.com/weather/5128581"", ""https://www.weather.gov/okx"", ""https://www.wunderground.com/weather/us/ny/new-york-city"", ""https://ny1.com/nyc/all-boroughs/weather"", ""https://www.theweathernetwork.com/en/city/us/new-york/new-york/current"", ""https://www.cbsnews.com/newyork/weather/""]",
2026-09-13T13:32:54.891063+00:00,3,4,2,SearchApi,weather in new york,200,3045.15,123985,9,"[""https://www.accuweather.com/en/us/new-york/10021/weather-forecast/349727"", ""https://weather.com/us/new-york/city/new-york-city/tenday"", ""https://ny1.com/nyc/all-boroughs/weather"", ""https://www.weather.gov/okx"", ""https://www.bbc.com/weather/5128581"", ""https://abc7ny.com/weather/"", ""https://www.wunderground.com/weather/us/ny/new-york-city"", ""https://www.fox5ny.com/weather"", ""https://www.cbsnews.com/newyork/weather/""]",
2026-09-13T13:32:59.948422+00:00,3,5,1,SearchApi,weather in new york,200,2825.31,114012,9,"[""https://www.accuweather.com/en/us/new-york/10021/weather-forecast/349727"", ""https://weather.com/us/new-york/city/new-york-city/tenday"", ""https://abc7ny.com/weather/"", ""https://www.weather.gov/okx"", ""https://www.wunderground.com/weather/us/ny/new-york-city"", ""https://www.nbcnewyork.com/weather/"", ""https://www.accuweather.com/en/us/new-york/10021/weather-forecast/14-349727_1_al"", ""https://www.bbc.com/weather/5128581"", ""https://www.fox5ny.com/weather""]",
2026-09-13T13:33:04.779475+00:00,3,5,2,SerpApi,weather in new york,200,17690.6,171761,9,"[""https://www.accuweather.com/en/us/new-york/10021/weather-forecast/349727"", ""https://weather.com/us/new-york/city/new-york-city/tenday"", ""https://abc7ny.com/weather/"", ""https://www.weather.gov/okx"", ""https://www.bbc.com/weather/5128581"", ""https://www.wunderground.com/weather/us/ny/new-york-city"", ""https://ny1.com/nyc/all-boroughs/weather"", ""https://www.theweathernetwork.com/en/city/us/new-york/new-york/current"", ""https://www.cbsnews.com/newyork/weather/""]",
2026-09-13T13:33:24.492264+00:00,4,1,1,SearchApi,iphone 17 review,200,4196.92,86296,6,"[""https://arstechnica.com/gadgets/2025/09/review-apples-injects-just-the-right-amount-of-pro-into-the-regular-iphone-17/"", ""https://www.reddit.com/r/iphone17/comments/1q4fi7t/my_1_month_review_of_the_iphone_17_as_a_longtime/"", ""https://www.applevis.com/blog/iphone-17-review-apple-really-outdid-themselves"", ""https://www.gsmarena.com/apple_iphone_17-review-2886.php"", ""https://www.cnet.com/tech/mobile/apple-iphone-17-review/"", ""https://www.phonearena.com/reviews/apple-iphone-17-review_id7677""]",
2026-09-13T13:33:30.695791+00:00,4,1,2,SerpApi,iphone 17 review,200,3103.81,62189,6,"[""https://www.applevis.com/blog/iphone-17-review-apple-really-outdid-themselves"", ""https://www.reddit.com/r/iphone17/comments/1q4fi7t/my_1_month_review_of_the_iphone_17_as_a_longtime/"", ""https://appleinsider.com/articles/25/12/17/iphone-17-pro-review-three-months-later-still-fresh"", ""https://medium.com/@anguilanom10/iphone-17-review-surprisingly-different-ef6f9d81802e"", ""https://www.gsmarena.com/apple_iphone_17-review-2886.php"", ""https://www.cnet.com/tech/mobile/apple-iphone-17-review/""]",
2026-09-13T13:33:35.808291+00:00,4,2,1,SerpApi,iphone 17 review,200,7392.74,56220,6,"[""https://www.applevis.com/blog/iphone-17-review-apple-really-outdid-themselves"", ""https://www.reddit.com/r/iphone17/comments/1q4fi7t/my_1_month_review_of_the_iphone_17_as_a_longtime/"", ""https://appleinsider.com/articles/25/12/17/iphone-17-pro-review-three-months-later-still-fresh"", ""https://medium.com/@anguilanom10/iphone-17-review-surprisingly-different-ef6f9d81802e"", ""https://www.gsmarena.com/apple_iphone_17-review-2886.php"", ""https://www.cnet.com/tech/mobile/apple-iphone-17-review/""]",
2026-09-13T13:33:45.205768+00:00,4,2,2,SearchApi,iphone 17 review,200,3341.63,65637,6,"[""https://www.applevis.com/blog/iphone-17-review-apple-really-outdid-themselves"", ""https://www.reddit.com/r/iphone17/comments/1q4fi7t/my_1_month_review_of_the_iphone_17_as_a_longtime/"", ""https://appleinsider.com/articles/25/12/17/iphone-17-pro-review-three-months-later-still-fresh"", ""https://medium.com/@anguilanom10/iphone-17-review-surprisingly-different-ef6f9d81802e"", ""https://www.gsmarena.com/apple_iphone_17-review-2886.php"", ""https://www.cnet.com/tech/mobile/apple-iphone-17-review/""]",
2026-09-13T13:33:50.550461+00:00,4,3,1,SearchApi,iphone 17 review,200,3061.49,65277,6,"[""https://www.applevis.com/blog/iphone-17-review-apple-really-outdid-themselves"", ""https://www.reddit.com/r/iphone17/comments/1q4fi7t/my_1_month_review_of_the_iphone_17_as_a_longtime/"", ""https://appleinsider.com/articles/25/12/17/iphone-17-pro-review-three-months-later-still-fresh"", ""https://www.trustedreviews.com/reviews/apple-iphone-17"", ""https://www.cnet.com/tech/mobile/apple-iphone-17-review/"", ""https://www.gsmarena.com/apple_iphone_17-review-2886.php""]",
2026-09-13T13:33:55.616060+00:00,4,3,2,SerpApi,iphone 17 review,200,3715.7,60481,6,"[""https://www.applevis.com/blog/iphone-17-review-apple-really-outdid-themselves"", ""https://www.reddit.com/r/iphone17/comments/1q4fi7t/my_1_month_review_of_the_iphone_17_as_a_longtime/"", ""https://appleinsider.com/articles/25/12/17/iphone-17-pro-review-three-months-later-still-fresh"", ""https://medium.com/@anguilanom10/iphone-17-review-surprisingly-different-ef6f9d81802e"", ""https://www.gsmarena.com/apple_iphone_17-review-2886.php"", ""https://www.cnet.com/tech/mobile/apple-iphone-17-review/""]",
2026-09-13T13:34:01.334733+00:00,4,4,1,SerpApi,iphone 17 review,200,1493.73,61374,6,"[""https://www.applevis.com/blog/iphone-17-review-apple-really-outdid-themselves"", ""https://www.reddit.com/r/iphone17/comments/1q4fi7t/my_1_month_review_of_the_iphone_17_as_a_longtime/"", ""https://appleinsider.com/articles/25/12/17/iphone-17-pro-review-three-months-later-still-fresh"", ""https://medium.com/@anguilanom10/iphone-17-review-surprisingly-different-ef6f9d81802e"", ""https://www.gsmarena.com/apple_iphone_17-review-2886.php"", ""https://www.cnet.com/tech/mobile/apple-iphone-17-review/""]",
2026-09-13T13:34:04.832657+00:00,4,4,2,SearchApi,iphone 17 review,200,4206.84,97912,6,"[""https://www.applevis.com/blog/iphone-17-review-apple-really-outdid-themselves"", ""https://www.reddit.com/r/iphone17/comments/1q4fi7t/my_1_month_review_of_the_iphone_17_as_a_longtime/"", ""https://appleinsider.com/articles/25/12/17/iphone-17-pro-review-three-months-later-still-fresh"", ""https://www.youtube.com/watch?v=HB0ijx3F2y8&vl=en"", ""https://medium.com/@anguilanom10/iphone-17-review-surprisingly-different-ef6f9d81802e"", ""https://www.phonearena.com/reviews/apple-iphone-17-review_id7677""]",
2026-09-13T13:34:11.043925+00:00,4,5,1,SearchApi,iphone 17 review,200,4531.86,111677,6,"[""https://www.applevis.com/blog/iphone-17-review-apple-really-outdid-themselves"", ""https://www.reddit.com/r/iphone17/comments/1q4fi7t/my_1_month_review_of_the_iphone_17_as_a_longtime/"", ""https://appleinsider.com/articles/25/12/17/iphone-17-pro-review-three-months-later-still-fresh"", ""https://www.youtube.com/watch?v=HB0ijx3F2y8&vl=en"", ""https://medium.com/@anguilanom10/iphone-17-review-surprisingly-different-ef6f9d81802e"", ""https://www.phonearena.com/reviews/apple-iphone-17-review_id7677""]",
2026-09-13T13:34:17.579640+00:00,4,5,2,SerpApi,iphone 17 review,200,17169.49,60119,6,"[""https://www.applevis.com/blog/iphone-17-review-apple-really-outdid-themselves"", ""https://www.reddit.com/r/iphone17/comments/1q4fi7t/my_1_month_review_of_the_iphone_17_as_a_longtime/"", ""https://appleinsider.com/articles/25/12/17/iphone-17-pro-review-three-months-later-still-fresh"", ""https://medium.com/@anguilanom10/iphone-17-review-surprisingly-different-ef6f9d81802e"", ""https://www.cnet.com/tech/mobile/apple-iphone-17-review/"", ""https://www.gsmarena.com/apple_iphone_17-review-2886.php""]",
2026-09-13T13:34:36.780733+00:00,5,1,1,SearchApi,cheap flights to london,200,2529.64,65224,9,"[""https://www.kayak.com/flight-routes/United-States-US0/London-LON"", ""https://www.skyscanner.com/flights-to/lond/cheap-flights-to-london.html"", ""https://www.expedia.com/Cheap-Flights-To-London.d178279.Travel-Guide-Flights"", ""https://www.google.com/travel/flights/flights-from-new-york-to-london.html?gl=US&hl=en-US"", ""https://www.momondo.com/flights/london"", ""https://www.aa.com/en-us/flights-to-london"", ""https://www.united.com/en/us/deals/flights-to-london"", ""https://www.travelocity.com/Destinations-In-England.d11218.Flight-Destinations"", ""https://www.expedia.com/lp/flights/nyc/lon/new-york-to-london""]",
2026-09-13T13:34:41.320336+00:00,5,1,2,SerpApi,cheap flights to london,200,1505.62,61823,9,"[""https://www.google.com/travel/flights/flights-from-chicago-to-london.html?gl=US&hl=en-US"", ""https://www.skyscanner.com/flights-to/lond/cheap-flights-to-london.html"", ""https://www.united.com/en/us/deals/flights-from-chicago-to-london"", ""https://www.expedia.com/Cheap-Flights-To-London.d178279.Travel-Guide-Flights"", ""https://www.momondo.com/flights/united-kingdom"", ""https://www.aa.com/en-us/flights-to-london"", ""https://www.kayak.com/flight-routes/United-States-US0/London-LON"", ""https://flights.virginatlantic.com/en-us/flights-to-united-kingdom"", ""https://www.travelocity.com/Destinations-In-England.d11218.Flight-Destinations""]",
2026-09-13T13:34:44.837120+00:00,5,2,1,SerpApi,cheap flights to london,200,6039.47,62590,9,"[""https://www.skyscanner.com/flights-to/lond/cheap-flights-to-london.html"", ""https://www.kayak.com/flight-routes/United-States-US0/London-LON"", ""https://www.aa.com/en-us/flights-to-london"", ""https://www.united.com/en/us/deals/flights-to-london"", ""https://www.expedia.com/Cheap-Flights-To-London.d178279.Travel-Guide-Flights"", ""https://www.momondo.com/flights/london"", ""https://flights.virginatlantic.com/en-us/flights-to-london"", ""https://wwws.airfrance.us/en-us/flights-to-london"", ""https://www.google.com/travel/flights/flights-from-new-york-to-london.html?gl=US&hl=en-US""]",
2026-09-13T13:34:52.879388+00:00,5,2,2,SearchApi,cheap flights to london,200,2380.76,34943,9,"[""https://www.skyscanner.com/flights-to/lond/cheap-flights-to-london.html"", ""https://www.kayak.com/flight-routes/United-States-US0/London-LON"", ""https://www.aa.com/en-us/flights-to-london"", ""https://www.united.com/en/us/deals/flights-to-london"", ""https://www.expedia.com/Cheap-Flights-To-London.d178279.Travel-Guide-Flights"", ""https://www.momondo.com/flights/london"", ""https://flights.virginatlantic.com/en-us/flights-to-london"", ""https://wwws.airfrance.us/en-us/flights-to-london"", ""https://www.google.com/travel/flights/flights-from-new-york-to-london.html?gl=US&hl=en-US""]",
2026-09-13T13:34:57.262543+00:00,5,3,1,SearchApi,cheap flights to london,200,2239.69,49983,9,"[""https://www.skyscanner.com/flights-to/lond/cheap-flights-to-london.html"", ""https://www.expedia.com/lp/flights/nyc/lon/new-york-to-london"", ""https://www.google.com/travel/flights/flights-from-new-york-to-london.html?gl=US&hl=en-US"", ""https://www.kayak.com/flight-routes/United-States-US0/London-LON"", ""https://www.momondo.com/flights/united-kingdom"", ""https://www.aa.com/en-us/flights-to-london"", ""https://www.united.com/en/us/deals/flights-from-new-york-to-london"", ""https://flights.virginatlantic.com/en-us/flights-to-london"", ""https://www.travelocity.com/Destinations-In-England.d11218.Flight-Destinations""]",
2026-09-13T13:35:01.505547+00:00,5,3,2,SerpApi,cheap flights to london,200,7315.6,58328,9,"[""https://www.skyscanner.com/flights-to/lond/cheap-flights-to-london.html"", ""https://www.kayak.com/flight-routes/United-States-US0/London-LON"", ""https://www.aa.com/en-us/flights-to-london"", ""https://www.united.com/en/us/deals/flights-to-london"", ""https://www.expedia.com/Cheap-Flights-To-London.d178279.Travel-Guide-Flights"", ""https://www.momondo.com/flights/london"", ""https://flights.virginatlantic.com/en-us/flights-to-london"", ""https://wwws.airfrance.us/en-us/flights-to-london"", ""https://www.google.com/travel/flights/flights-from-new-york-to-london.html?gl=US&hl=en-US""]",
2026-09-13T13:35:10.824372+00:00,5,4,1,SerpApi,cheap flights to london,200,7342.58,58313,9,"[""https://www.skyscanner.com/flights-to/lond/cheap-flights-to-london.html"", ""https://www.kayak.com/flight-routes/United-States-US0/London-LON"", ""https://www.aa.com/en-us/flights-to-london"", ""https://www.momondo.com/flights/london"", ""https://www.united.com/en/us/deals/flights-to-london"", ""https://www.expedia.com/Cheap-Flights-To-London.d178279.Travel-Guide-Flights"", ""https://flights.virginatlantic.com/en-us/flights-to-london"", ""https://wwws.airfrance.us/en-us/flights-to-london"", ""https://www.google.com/travel/flights/flights-from-new-york-to-london.html?gl=US&hl=en-US""]",
2026-09-13T13:35:20.170105+00:00,5,4,2,SearchApi,cheap flights to london,200,2672.64,67516,9,"[""https://www.skyscanner.com/flights-to/lond/cheap-flights-to-london.html"", ""https://www.google.com/travel/flights/flights-to-london.html?gl=US&hl=en-US"", ""https://www.aa.com/en-us/flights-to-london"", ""https://www.expedia.com/Cheap-Flights-To-London.d178279.Travel-Guide-Flights"", ""https://www.momondo.com/flights/united-kingdom"", ""https://www.united.com/en/us/deals/flights-to-london"", ""https://www.kayak.com/flight-routes/United-States-US0/London-LON"", ""https://flights.virginatlantic.com/en-us/flights-to-united-kingdom"", ""https://wwws.airfrance.us/en-us/flights-to-london""]",
2026-09-13T13:35:24.845738+00:00,5,5,1,SearchApi,cheap flights to london,200,8699.93,40900,9,"[""https://www.skyscanner.com/flights-to/lond/cheap-flights-to-london.html"", ""https://www.kayak.com/flight-routes/United-States-US0/London-LON"", ""https://www.aa.com/en-us/flights-to-london"", ""https://www.united.com/en/us/deals/flights-to-london"", ""https://www.expedia.com/Cheap-Flights-To-London.d178279.Travel-Guide-Flights"", ""https://www.momondo.com/flights/london"", ""https://flights.virginatlantic.com/en-us/flights-to-london"", ""https://wwws.airfrance.us/en-us/flights-to-london"", ""https://www.google.com/travel/flights/flights-from-new-york-to-london.html?gl=US&hl=en-US""]",
2026-09-13T13:35:35.549178+00:00,5,5,2,SerpApi,cheap flights to london,200,7778.31,54363,8,"[""https://www.cheapflights.com/"", ""https://www.cheaptickets.com/"", ""https://www.merriam-webster.com/dictionary/cheap"", ""https://dictionary.cambridge.org/us/dictionary/english/cheap"", ""https://www.kayak.com/flights"", ""https://www.grammarly.com/commonly-confused-words/cheap-vs-cheep"", ""https://www.thesaurus.com/browse/cheap"", ""https://www.expedia.com/lp/b/flights-under-100-dollars""]",
2026-09-13T13:35:45.346627+00:00,6,1,1,SearchApi,best restaurants in chicago,200,4588.86,123436,9,"[""https://www.jsfashionista.com/hottest-chicago-restaurants/"", ""https://www.thecitysidewalks.com/blog/foodies-guide-to-chicago"", ""https://chicago.eater.com/"", ""https://guide.michelin.com/us/en/illinois/chicago/restaurants"", ""https://www.reddit.com/r/chicagofood/comments/1dy92tx/chicago_mags_50_best_chicago_restaurants_list/"", ""https://www.appetitesabroad.com/chicago-food-guide/"", ""https://www.facebook.com/BeliEats/videos/the-top-14-restaurants-in-chicago-based-on-over-100-million-ratings-on-beli-let-/1880645315980775/"", ""https://www.reddit.com/r/AskChicago/comments/1ue43mh/whats_your_all_time_favorite_restaurant_in_chicago/"", ""https://agirlaboutchicago.substack.com/p/the-ultimate-chicago-restaurant-guide""]",
2026-09-13T13:35:51.938670+00:00,6,1,2,SerpApi,best restaurants in chicago,200,17119.91,124224,9,"[""https://www.jsfashionista.com/hottest-chicago-restaurants/"", ""https://www.thecitysidewalks.com/blog/foodies-guide-to-chicago"", ""https://chicago.eater.com/"", ""https://guide.michelin.com/us/en/illinois/chicago/restaurants"", ""https://www.reddit.com/r/chicagofood/comments/1dy92tx/chicago_mags_50_best_chicago_restaurants_list/"", ""https://www.facebook.com/BeliEats/videos/the-top-14-restaurants-in-chicago-based-on-over-100-million-ratings-on-beli-let-/1880645315980775/"", ""https://www.appetitesabroad.com/chicago-food-guide/"", ""https://agirlaboutchicago.substack.com/p/the-ultimate-chicago-restaurant-guide"", ""https://travellemming.com/restaurants-in-chicago/?srsltid=AfmBOoo5S8xQv2E_ryf4tPEGZb8ssmveECKidyd77eIGP-pcX7atpHMe""]",
2026-09-13T13:36:11.062813+00:00,6,2,1,SerpApi,best restaurants in chicago,200,20801.62,126163,8,"[""https://www.jsfashionista.com/hottest-chicago-restaurants/"", ""https://www.thecitysidewalks.com/blog/foodies-guide-to-chicago"", ""https://chicago.eater.com/"", ""https://guide.michelin.com/us/en/illinois/chicago/restaurants"", ""https://www.reddit.com/r/chicagofood/comments/1dy92tx/chicago_mags_50_best_chicago_restaurants_list/"", ""https://www.appetitesabroad.com/chicago-food-guide/"", ""https://www.facebook.com/BeliEats/videos/the-top-14-restaurants-in-chicago-based-on-over-100-million-ratings-on-beli-let-/1880645315980775/"", ""https://agirlaboutchicago.substack.com/p/the-ultimate-chicago-restaurant-guide""]",
2026-09-13T13:36:33.867556+00:00,6,2,2,SearchApi,best restaurants in chicago,200,2546.08,120740,9,"[""https://www.jsfashionista.com/hottest-chicago-restaurants/"", ""https://www.thecitysidewalks.com/blog/foodies-guide-to-chicago"", ""https://chicago.eater.com/"", ""https://guide.michelin.com/us/en/illinois/chicago/restaurants"", ""https://www.reddit.com/r/chicagofood/comments/1dy92tx/chicago_mags_50_best_chicago_restaurants_list/"", ""https://www.appetitesabroad.com/chicago-food-guide/"", ""https://www.alinearestaurant.com/"", ""https://www.facebook.com/BeliEats/videos/the-top-14-restaurants-in-chicago-based-on-over-100-million-ratings-on-beli-let-/1880645315980775/"", ""https://thegagechicago.com/""]",
2026-09-13T13:36:38.416454+00:00,6,3,1,SearchApi,best restaurants in chicago,200,2751.3,123440,9,"[""https://www.jsfashionista.com/hottest-chicago-restaurants/"", ""https://www.thecitysidewalks.com/blog/foodies-guide-to-chicago"", ""https://chicago.eater.com/"", ""https://guide.michelin.com/us/en/illinois/chicago/restaurants"", ""https://www.reddit.com/r/chicagofood/comments/1dy92tx/chicago_mags_50_best_chicago_restaurants_list/"", ""https://www.appetitesabroad.com/chicago-food-guide/"", ""https://www.facebook.com/BeliEats/videos/the-top-14-restaurants-in-chicago-based-on-over-100-million-ratings-on-beli-let-/1880645315980775/"", ""https://www.reddit.com/r/AskChicago/comments/1ue43mh/whats_your_all_time_favorite_restaurant_in_chicago/"", ""https://agirlaboutchicago.substack.com/p/the-ultimate-chicago-restaurant-guide""]",
2026-09-13T13:36:43.170695+00:00,6,3,2,SerpApi,best restaurants in chicago,200,6372.62,122744,9,"[""https://www.jsfashionista.com/hottest-chicago-restaurants/"", ""https://www.thecitysidewalks.com/blog/foodies-guide-to-chicago"", ""https://chicago.eater.com/"", ""https://guide.michelin.com/us/en/illinois/chicago/restaurants"", ""https://www.reddit.com/r/chicagofood/comments/1dy92tx/chicago_mags_50_best_chicago_restaurants_list/"", ""https://www.appetitesabroad.com/chicago-food-guide/"", ""https://www.facebook.com/BeliEats/videos/the-top-14-restaurants-in-chicago-based-on-over-100-million-ratings-on-beli-let-/1880645315980775/"", ""https://agirlaboutchicago.substack.com/p/the-ultimate-chicago-restaurant-guide"", ""https://www.reddit.com/r/AskChicago/comments/1ue43mh/whats_your_all_time_favorite_restaurant_in_chicago/""]",
2026-09-13T13:36:51.546569+00:00,6,4,1,SerpApi,best restaurants in chicago,200,10738.12,119132,9,"[""https://www.jsfashionista.com/hottest-chicago-restaurants/"", ""https://www.thecitysidewalks.com/blog/foodies-guide-to-chicago"", ""https://chicago.eater.com/"", ""https://guide.michelin.com/us/en/illinois/chicago/restaurants"", ""https://www.reddit.com/r/chicagofood/comments/1dy92tx/chicago_mags_50_best_chicago_restaurants_list/"", ""https://www.appetitesabroad.com/chicago-food-guide/"", ""https://www.facebook.com/BeliEats/videos/the-top-14-restaurants-in-chicago-based-on-over-100-million-ratings-on-beli-let-/1880645315980775/"", ""https://agirlaboutchicago.substack.com/p/the-ultimate-chicago-restaurant-guide"", ""https://www.reddit.com/r/AskChicago/comments/1ue43mh/whats_your_all_time_favorite_restaurant_in_chicago/""]",
2026-09-13T13:37:04.288623+00:00,6,4,2,SearchApi,best restaurants in chicago,200,14917.38,150273,9,"[""https://www.jsfashionista.com/hottest-chicago-restaurants/"", ""https://www.thecitysidewalks.com/blog/foodies-guide-to-chicago"", ""https://chicago.eater.com/"", ""https://guide.michelin.com/us/en/illinois/chicago/restaurants"", ""https://www.reddit.com/r/chicagofood/comments/1dy92tx/chicago_mags_50_best_chicago_restaurants_list/"", ""https://www.appetitesabroad.com/chicago-food-guide/"", ""https://www.alinearestaurant.com/"", ""https://thegagechicago.com/"", ""https://www.facebook.com/BeliEats/videos/the-top-14-restaurants-in-chicago-based-on-over-100-million-ratings-on-beli-let-/1880645315980775/""]",
2026-09-13T13:37:21.211169+00:00,6,5,1,SearchApi,best restaurants in chicago,200,4767.21,131260,9,"[""https://www.jsfashionista.com/hottest-chicago-restaurants/"", ""https://www.thecitysidewalks.com/blog/foodies-guide-to-chicago"", ""https://chicago.eater.com/"", ""https://guide.michelin.com/us/en/illinois/chicago/restaurants"", ""https://www.reddit.com/r/chicagofood/comments/1dy92tx/chicago_mags_50_best_chicago_restaurants_list/"", ""https://www.alinearestaurant.com/"", ""https://www.appetitesabroad.com/chicago-food-guide/"", ""https://www.facebook.com/BeliEats/videos/the-top-14-restaurants-in-chicago-based-on-over-100-million-ratings-on-beli-let-/1880645315980775/"", ""https://thegagechicago.com/""]",
2026-09-13T13:37:27.981837+00:00,6,5,2,SerpApi,best restaurants in chicago,200,2555.13,125904,8,"[""https://www.jsfashionista.com/hottest-chicago-restaurants/"", ""https://www.thecitysidewalks.com/blog/foodies-guide-to-chicago"", ""https://chicago.eater.com/"", ""https://guide.michelin.com/us/en/illinois/chicago/restaurants"", ""https://www.reddit.com/r/chicagofood/comments/1dy92tx/chicago_mags_50_best_chicago_restaurants_list/"", ""https://www.facebook.com/BeliEats/videos/the-top-14-restaurants-in-chicago-based-on-over-100-million-ratings-on-beli-let-/1880645315980775/"", ""https://www.appetitesabroad.com/chicago-food-guide/"", ""https://agirlaboutchicago.substack.com/p/the-ultimate-chicago-restaurant-guide""]",
2026-09-13T13:37:32.555886+00:00,7,1,1,SearchApi,how to learn javascript,200,4271.84,41251,7,"[""https://www.reddit.com/r/learnjavascript/comments/prrgpe/best_way_to_learn_js/"", ""https://www.codecademy.com/learn/introduction-to-javascript"", ""https://www.w3schools.com/js/"", ""https://www.fullstackacademy.com/blog/best-ways-to-learn-javascript-for-beginners"", ""https://developer.mozilla.org/en-US/docs/Web/JavaScript/Guide"", ""https://blog.jetbrains.com/webstorm/2024/07/how-to-learn-javascript/"", ""https://www.learn-js.org/""]",
2026-09-13T13:37:38.830753+00:00,7,1,2,SerpApi,how to learn javascript,200,8173.26,51642,7,"[""https://www.reddit.com/r/learnjavascript/comments/prrgpe/best_way_to_learn_js/"", ""https://www.codecademy.com/learn/introduction-to-javascript"", ""https://www.w3schools.com/js/"", ""https://www.fullstackacademy.com/blog/best-ways-to-learn-javascript-for-beginners"", ""https://developer.mozilla.org/en-US/docs/Web/JavaScript/Guide"", ""https://blog.jetbrains.com/webstorm/2024/07/how-to-learn-javascript/"", ""https://www.learn-js.org/""]",
2026-09-13T13:37:49.006879+00:00,7,2,1,SerpApi,how to learn javascript,200,16147.64,50941,7,"[""https://www.reddit.com/r/learnjavascript/comments/prrgpe/best_way_to_learn_js/"", ""https://www.codecademy.com/learn/introduction-to-javascript"", ""https://www.w3schools.com/js/"", ""https://www.fullstackacademy.com/blog/best-ways-to-learn-javascript-for-beginners"", ""https://developer.mozilla.org/en-US/docs/Web/JavaScript/Guide"", ""https://blog.jetbrains.com/webstorm/2024/07/how-to-learn-javascript/"", ""https://www.learn-js.org/""]",
2026-09-13T13:38:07.157994+00:00,7,2,2,SearchApi,how to learn javascript,200,4846.48,42205,7,"[""https://www.reddit.com/r/learnjavascript/comments/prrgpe/best_way_to_learn_js/"", ""https://www.codecademy.com/learn/introduction-to-javascript"", ""https://www.w3schools.com/js/"", ""https://www.fullstackacademy.com/blog/best-ways-to-learn-javascript-for-beginners"", ""https://developer.mozilla.org/en-US/docs/Web/JavaScript/Guide"", ""https://blog.jetbrains.com/webstorm/2024/07/how-to-learn-javascript/"", ""https://www.learn-js.org/""]",
2026-09-13T13:38:14.007866+00:00,7,3,1,SearchApi,how to learn javascript,200,4411.77,43380,7,"[""https://www.reddit.com/r/learnjavascript/comments/prrgpe/best_way_to_learn_js/"", ""https://www.codecademy.com/learn/introduction-to-javascript"", ""https://www.w3schools.com/js/"", ""https://www.fullstackacademy.com/blog/best-ways-to-learn-javascript-for-beginners"", ""https://developer.mozilla.org/en-US/docs/Web/JavaScript/Guide"", ""https://blog.jetbrains.com/webstorm/2024/07/how-to-learn-javascript/"", ""https://web.dev/learn/javascript""]",
2026-09-13T13:38:20.422508+00:00,7,3,2,SerpApi,how to learn javascript,200,4581.46,51706,7,"[""https://www.reddit.com/r/learnjavascript/comments/prrgpe/best_way_to_learn_js/"", ""https://www.codecademy.com/learn/introduction-to-javascript"", ""https://www.w3schools.com/js/"", ""https://www.fullstackacademy.com/blog/best-ways-to-learn-javascript-for-beginners"", ""https://developer.mozilla.org/en-US/docs/Web/JavaScript/Guide"", ""https://blog.jetbrains.com/webstorm/2024/07/how-to-learn-javascript/"", ""https://www.learn-js.org/""]",
2026-09-13T13:38:27.006884+00:00,7,4,1,SerpApi,how to learn javascript,200,12270.55,51487,7,"[""https://www.reddit.com/r/learnjavascript/comments/prrgpe/best_way_to_learn_js/"", ""https://www.codecademy.com/learn/introduction-to-javascript"", ""https://www.w3schools.com/js/"", ""https://www.fullstackacademy.com/blog/best-ways-to-learn-javascript-for-beginners"", ""https://developer.mozilla.org/en-US/docs/Web/JavaScript/Guide"", ""https://blog.jetbrains.com/webstorm/2024/07/how-to-learn-javascript/"", ""https://www.learn-js.org/""]",
2026-09-13T13:38:41.280167+00:00,7,4,2,SearchApi,how to learn javascript,200,4455.17,49968,7,"[""https://www.reddit.com/r/learnjavascript/comments/prrgpe/best_way_to_learn_js/"", ""https://www.codecademy.com/learn/introduction-to-javascript"", ""https://www.w3schools.com/js/"", ""https://www.fullstackacademy.com/blog/best-ways-to-learn-javascript-for-beginners"", ""https://developer.mozilla.org/en-US/docs/Web/JavaScript/Guide"", ""https://blog.jetbrains.com/webstorm/2024/07/how-to-learn-javascript/"", ""https://sive.rs/learn-js""]",
2026-09-13T13:38:47.741360+00:00,7,5,1,SearchApi,how to learn javascript,200,25526.74,43813,7,"[""https://www.reddit.com/r/learnjavascript/comments/prrgpe/best_way_to_learn_js/"", ""https://www.codecademy.com/learn/introduction-to-javascript"", ""https://www.w3schools.com/js/"", ""https://www.fullstackacademy.com/blog/best-ways-to-learn-javascript-for-beginners"", ""https://developer.mozilla.org/en-US/docs/Web/JavaScript/Guide"", ""https://blog.jetbrains.com/webstorm/2024/07/how-to-learn-javascript/"", ""https://web.dev/learn/javascript""]",
2026-09-13T13:39:15.271078+00:00,7,5,2,SerpApi,how to learn javascript,200,20475.37,51184,7,"[""https://www.reddit.com/r/learnjavascript/comments/prrgpe/best_way_to_learn_js/"", ""https://www.codecademy.com/learn/introduction-to-javascript"", ""https://www.w3schools.com/js/"", ""https://www.fullstackacademy.com/blog/best-ways-to-learn-javascript-for-beginners"", ""https://developer.mozilla.org/en-US/docs/Web/JavaScript/Guide"", ""https://blog.jetbrains.com/webstorm/2024/07/how-to-learn-javascript/"", ""https://www.learn-js.org/""]",
2026-09-13T13:39:37.770107+00:00,8,1,1,SearchApi,tesla model y price,200,9584.66,36901,6,"[""https://www.tesla.com/modely"", ""https://www.caranddriver.com/tesla/model-y"", ""https://www.edmunds.com/tesla/model-y/"", ""https://www.reddit.com/r/TeslaModelY/comments/1pqhxsw/thinking_about_a_tesla_model_y_49k_worth_it/"", ""https://www.carfax.com/Research/Tesla/Model-Y"", ""https://www.cars.com/articles/how-much-is-the-2026-tesla-model-y-521805/""]",
2026-09-13T13:39:49.358264+00:00,8,1,2,SerpApi,tesla model y price,200,4157.11,47553,8,"[""https://www.tesla.com/modely"", ""https://www.caranddriver.com/tesla/model-y"", ""https://www.edmunds.com/tesla/model-y/"", ""https://www.kbb.com/tesla/model-y/"", ""https://www.carfax.com/Research/Tesla/Model-Y"", ""https://www.cars.com/articles/how-much-is-the-2026-tesla-model-y-521805/"", ""https://www.cargurus.com/research/price-trends/Tesla-Model-Y-d3044"", ""https://www.tesla.com/inventory/new""]",
2026-09-13T13:39:55.519104+00:00,8,2,1,SerpApi,tesla model y price,200,16469.16,52371,9,"[""https://www.tesla.com/modely"", ""https://www.caranddriver.com/tesla/model-y"", ""https://www.tesla.com/modely/design"", ""https://www.edmunds.com/tesla/model-y/"", ""https://www.kbb.com/tesla/model-y/"", ""https://www.cargurus.com/research/price-trends/Tesla-Model-Y-d3044"", ""https://www.carfax.com/Research/Tesla/Model-Y"", ""https://www.youtube.com/watch?v=qESo3L1XYA0"", ""https://www.autotrader.com/cars-for-sale/all-cars/tesla/model-y""]",
2026-09-13T13:40:13.991559+00:00,8,2,2,SearchApi,tesla model y price,200,4291.48,27004,8,"[""https://www.tesla.com/modely"", ""https://www.caranddriver.com/tesla/model-y"", ""https://www.edmunds.com/tesla/model-y/"", ""https://www.reddit.com/r/TeslaModelY/comments/1pqhxsw/thinking_about_a_tesla_model_y_49k_worth_it/"", ""https://www.carfax.com/Research/Tesla/Model-Y"", ""https://www.cars.com/articles/how-much-is-the-2026-tesla-model-y-521805/"", ""https://www.kbb.com/tesla/model-y/2025/"", ""https://www.cargurus.com/research/price-trends/Tesla-Model-Y-d3044""]",
2026-09-13T13:40:20.286254+00:00,8,3,1,SearchApi,tesla model y price,200,3825.0,27730,7,"[""https://www.tesla.com/modely"", ""https://www.caranddriver.com/tesla/model-y"", ""https://www.edmunds.com/tesla/model-y/"", ""https://www.reddit.com/r/TeslaModelY/comments/1pqhxsw/thinking_about_a_tesla_model_y_49k_worth_it/"", ""https://carsaver.com/learn/tesla-model-y"", ""https://www.kbb.com/tesla/model-y/"", ""https://www.cars.com/articles/how-much-is-the-2026-tesla-model-y-521805/""]",
2026-09-13T13:40:26.118994+00:00,8,3,2,SerpApi,tesla model y price,200,6836.5,48469,8,"[""https://www.tesla.com/modely"", ""https://www.caranddriver.com/tesla/model-y"", ""https://www.edmunds.com/tesla/model-y/"", ""https://www.kbb.com/tesla/model-y/"", ""https://www.carfax.com/Research/Tesla/Model-Y"", ""https://www.cars.com/articles/how-much-is-the-2026-tesla-model-y-521805/"", ""https://www.tesla.com/inventory/new"", ""https://www.cargurus.com/research/price-trends/Tesla-Model-Y-d3044""]",
2026-09-13T13:40:34.958673+00:00,8,4,1,SerpApi,tesla model y price,200,7121.5,47199,6,"[""https://www.tesla.com/modely"", ""https://www.caranddriver.com/tesla/model-y"", ""https://www.edmunds.com/tesla/model-y/"", ""https://www.kbb.com/tesla/model-y/"", ""https://www.cargurus.com/research/price-trends/Tesla-Model-Y-d3044"", ""https://en.wikipedia.org/wiki/Tesla_Model_Y""]",
2026-09-13T13:40:44.083633+00:00,8,4,2,SearchApi,tesla model y price,200,5337.9,32471,9,"[""https://www.tesla.com/modely"", ""https://www.caranddriver.com/tesla/model-y"", ""https://www.tesla.com/modely/design"", ""https://www.edmunds.com/tesla/model-y/"", ""https://www.kbb.com/tesla/model-y/"", ""https://www.cargurus.com/research/price-trends/Tesla-Model-Y-d3044"", ""https://www.carfax.com/Research/Tesla/Model-Y"", ""https://www.youtube.com/watch?v=qESo3L1XYA0"", ""https://www.autotrader.com/cars-for-sale/all-cars/tesla/model-y""]",
2026-09-13T13:40:51.425112+00:00,8,5,1,SearchApi,tesla model y price,200,10238.49,25622,7,"[""https://www.tesla.com/modely"", ""https://www.caranddriver.com/tesla/model-y"", ""https://www.edmunds.com/tesla/model-y/"", ""https://www.reddit.com/r/TeslaModelY/comments/1pqhxsw/thinking_about_a_tesla_model_y_49k_worth_it/"", ""https://www.carfax.com/Research/Tesla/Model-Y"", ""https://www.cars.com/articles/how-much-is-the-2026-tesla-model-y-521805/"", ""https://www.kbb.com/tesla/model-y/""]",
2026-09-13T13:41:03.670002+00:00,8,5,2,SerpApi,tesla model y price,200,20736.08,55107,9,"[""https://www.tesla.com/modely"", ""https://www.caranddriver.com/tesla/model-y"", ""https://www.tesla.com/modely/design"", ""https://www.edmunds.com/tesla/model-y/"", ""https://www.kbb.com/tesla/model-y/"", ""https://www.cargurus.com/research/price-trends/Tesla-Model-Y-d3044"", ""https://www.carfax.com/Research/Tesla/Model-Y"", ""https://www.youtube.com/watch?v=qESo3L1XYA0"", ""https://www.autotrader.com/cars-for-sale/all-cars/tesla/model-y""]",
2026-09-13T13:41:26.429487+00:00,9,1,1,SearchApi,open source ai tools,200,3470.65,46606,9,"[""https://github.com/alvinreal/awesome-opensource-ai"", ""https://opensource.org/ai"", ""https://www.reddit.com/r/LocalLLaMA/comments/1ha2yor/all_the_opensource_ai_tools_we_love/"", ""https://www.youtube.com/watch?v=2lmBj_XQq0I"", ""https://www.ibm.com/think/insights/open-source-ai-tools"", ""https://cloud.google.com/use-cases/open-source-ai"", ""https://jan.ai/"", ""https://opencode.ai/"", ""https://en.wikipedia.org/wiki/Lists_of_open-source_artificial_intelligence_software""]",
2026-09-13T13:41:31.903920+00:00,9,1,2,SerpApi,open source ai tools,200,10081.4,61503,9,"[""https://github.com/alvinreal/awesome-opensource-ai"", ""https://opensource.org/ai"", ""https://www.reddit.com/r/LocalLLaMA/comments/1ha2yor/all_the_opensource_ai_tools_we_love/"", ""https://www.ibm.com/think/insights/open-source-ai-tools"", ""https://cloud.google.com/use-cases/open-source-ai"", ""https://jan.ai/"", ""https://opencode.ai/"", ""https://en.wikipedia.org/wiki/Lists_of_open-source_artificial_intelligence_software"", ""https://ai.meta.com/opensourceai/""]",
2026-09-13T13:41:43.988329+00:00,9,2,1,SerpApi,open source ai tools,200,19390.81,55972,8,"[""https://github.com/alvinreal/awesome-opensource-ai"", ""https://opensource.org/ai"", ""https://www.reddit.com/r/LocalLLaMA/comments/1ha2yor/all_the_opensource_ai_tools_we_love/"", ""https://www.youtube.com/watch?v=2lmBj_XQq0I"", ""https://www.ibm.com/think/insights/open-source-ai-tools"", ""https://cloud.google.com/use-cases/open-source-ai"", ""https://jan.ai/"", ""https://opencode.ai/""]",
2026-09-13T13:42:05.381954+00:00,9,2,2,SearchApi,open source ai tools,200,9599.62,79304,9,"[""https://github.com/alvinreal/awesome-opensource-ai"", ""https://opensource.org/ai"", ""https://www.reddit.com/r/LocalLLaMA/comments/1ha2yor/all_the_opensource_ai_tools_we_love/"", ""https://www.youtube.com/watch?v=2lmBj_XQq0I"", ""https://www.ibm.com/think/insights/open-source-ai-tools"", ""https://cloud.google.com/use-cases/open-source-ai"", ""https://jan.ai/"", ""https://opencode.ai/"", ""https://en.wikipedia.org/wiki/Lists_of_open-source_artificial_intelligence_software""]",
2026-09-13T13:42:16.985211+00:00,9,3,1,SearchApi,open source ai tools,200,2030.23,39154,8,"[""https://github.com/alvinreal/awesome-opensource-ai"", ""https://opensource.org/ai"", ""https://www.reddit.com/r/LocalLLaMA/comments/1ha2yor/all_the_opensource_ai_tools_we_love/"", ""https://www.youtube.com/watch?v=2lmBj_XQq0I"", ""https://www.ibm.com/think/insights/open-source-ai-tools"", ""https://cloud.google.com/use-cases/open-source-ai"", ""https://jan.ai/"", ""https://opencode.ai/""]",
2026-09-13T13:42:21.019144+00:00,9,3,2,SerpApi,open source ai tools,200,4436.25,66064,8,"[""https://github.com/alvinreal/awesome-opensource-ai"", ""https://opensource.org/ai"", ""https://www.reddit.com/r/LocalLLaMA/comments/1ha2yor/all_the_opensource_ai_tools_we_love/"", ""https://www.ibm.com/think/insights/open-source-ai-tools"", ""https://cloud.google.com/use-cases/open-source-ai"", ""https://jan.ai/"", ""https://opencode.ai/"", ""https://en.wikipedia.org/wiki/Lists_of_open-source_artificial_intelligence_software""]",
2026-09-13T13:42:27.458384+00:00,9,4,1,SerpApi,open source ai tools,200,27610.59,61784,9,"[""https://github.com/alvinreal/awesome-opensource-ai"", ""https://opensource.org/ai"", ""https://www.reddit.com/r/LocalLLaMA/comments/1ha2yor/all_the_opensource_ai_tools_we_love/"", ""https://www.ibm.com/think/insights/open-source-ai-tools"", ""https://cloud.google.com/use-cases/open-source-ai"", ""https://jan.ai/"", ""https://opencode.ai/"", ""https://en.wikipedia.org/wiki/Lists_of_open-source_artificial_intelligence_software"", ""https://www.digitalocean.com/resources/articles/open-source-ai-platforms""]",
2026-09-13T13:42:57.071562+00:00,9,4,2,SearchApi,open source ai tools,200,4885.58,39152,8,"[""https://github.com/alvinreal/awesome-opensource-ai"", ""https://opensource.org/ai"", ""https://www.reddit.com/r/LocalLLaMA/comments/1ha2yor/all_the_opensource_ai_tools_we_love/"", ""https://www.youtube.com/watch?v=2lmBj_XQq0I"", ""https://www.ibm.com/think/insights/open-source-ai-tools"", ""https://cloud.google.com/use-cases/open-source-ai"", ""https://jan.ai/"", ""https://opencode.ai/""]",
2026-09-13T13:43:03.965350+00:00,9,5,1,SearchApi,open source ai tools,200,2507.22,34115,9,"[""https://github.com/alvinreal/awesome-opensource-ai"", ""https://opensource.org/ai"", ""https://www.reddit.com/r/LocalLLaMA/comments/1ha2yor/all_the_opensource_ai_tools_we_love/"", ""https://www.youtube.com/watch?v=2lmBj_XQq0I"", ""https://www.ibm.com/think/insights/open-source-ai-tools"", ""https://cloud.google.com/use-cases/open-source-ai"", ""https://jan.ai/"", ""https://opencode.ai/"", ""https://en.wikipedia.org/wiki/Lists_of_open-source_artificial_intelligence_software""]",
2026-09-13T13:43:08.476238+00:00,9,5,2,SerpApi,open source ai tools,200,3820.15,61146,8,"[""https://github.com/alvinreal/awesome-opensource-ai"", ""https://opensource.org/ai"", ""https://www.reddit.com/r/LocalLLaMA/comments/1ha2yor/all_the_opensource_ai_tools_we_love/"", ""https://www.ibm.com/think/insights/open-source-ai-tools"", ""https://cloud.google.com/use-cases/open-source-ai"", ""https://jan.ai/"", ""https://opencode.ai/"", ""https://en.wikipedia.org/wiki/Lists_of_open-source_artificial_intelligence_software""]",
2026-09-13T13:43:14.315875+00:00,10,1,1,SearchApi,nike running shoes,200,5147.81,180226,7,"[""https://www.nike.com/w/mens-running-shoes-37v7jznik1zy7ok"", ""https://www.nike.com/w/womens-running-shoes-37v7jz5e1x6zy7ok"", ""https://www.nike.com/running"", ""https://www.nike.com/w/running-shoes-37v7jzy7ok"", ""https://runrepeat.com/catalog/nike-running-shoes"", ""https://www.runnersworld.com/gear/a22843945/best-nike-running-shoes/"", ""https://www.dickssportinggoods.com/f/nike-running-footwear?srsltid=AfmBOor5OIRVbFJNYHSUqG62fOXWM5Y93qTfw13GnKI06pCj1jfJ6fHP""]",
2026-09-13T13:43:21.467981+00:00,10,1,2,SerpApi,nike running shoes,200,45876.05,112232,7,"[""https://www.nike.com/w/mens-running-shoes-37v7jznik1zy7ok"", ""https://www.nike.com/w/womens-running-shoes-37v7jz5e1x6zy7ok"", ""https://www.nike.com/running"", ""https://www.nike.com/w/running-shoes-37v7jzy7ok"", ""https://runrepeat.com/catalog/nike-running-shoes"", ""https://www.runnersworld.com/gear/a22843945/best-nike-running-shoes/"", ""https://www.dickssportinggoods.com/f/nike-running-footwear?srsltid=AfmBOopHVv-pVjCUVXtkL-bLkdN-5K9nZZJJU-P235-jzXisHAd7VQpH""]",
2026-09-13T13:44:09.355352+00:00,10,2,1,SerpApi,nike running shoes,200,4491.76,161098,7,"[""https://www.nike.com/w/mens-running-shoes-37v7jznik1zy7ok"", ""https://www.nike.com/w/womens-running-shoes-37v7jz5e1x6zy7ok"", ""https://www.nike.com/running"", ""https://www.nike.com/w/running-shoes-37v7jzy7ok"", ""https://runrepeat.com/catalog/nike-running-shoes"", ""https://www.runnersworld.com/gear/a22843945/best-nike-running-shoes/"", ""https://www.dickssportinggoods.com/f/nike-running-footwear?srsltid=AfmBOoqa1VkAepUathebpXy1vrqKI_Wy0OnJHXhSaeSFiPjcKpzBeyl5""]",
2026-09-13T13:44:15.850692+00:00,10,2,2,SearchApi,nike running shoes,200,4424.59,154239,7,"[""https://www.nike.com/w/mens-running-shoes-37v7jznik1zy7ok"", ""https://www.nike.com/w/womens-running-shoes-37v7jz5e1x6zy7ok"", ""https://www.nike.com/running"", ""https://www.nike.com/w/running-shoes-37v7jzy7ok"", ""https://runrepeat.com/catalog/nike-running-shoes"", ""https://www.runnersworld.com/gear/a22843945/best-nike-running-shoes/"", ""https://www.dickssportinggoods.com/f/nike-running-footwear?srsltid=AfmBOooxy_d7KIRpGBMBuJsgcFU5MSv7z5I-s-fKoWx2v-CfW-WlrpVd""]",
2026-09-13T13:44:22.277917+00:00,10,3,1,SearchApi,nike running shoes,200,9750.68,185821,7,"[""https://www.nike.com/w/mens-running-shoes-37v7jznik1zy7ok"", ""https://www.nike.com/w/womens-running-shoes-37v7jz5e1x6zy7ok"", ""https://www.nike.com/running"", ""https://www.nike.com/w/running-shoes-37v7jzy7ok"", ""https://runrepeat.com/catalog/nike-running-shoes"", ""https://www.runnersworld.com/gear/a22843945/best-nike-running-shoes/"", ""https://www.dickssportinggoods.com/f/nike-running-footwear?srsltid=AfmBOord3dcFIvfgq9yrS-fwbRhFiYBN_NK6gVoOxRhFYut6b4HzyoHh""]",
2026-09-13T13:44:34.032957+00:00,10,3,2,SerpApi,nike running shoes,200,2788.38,131786,7,"[""https://www.nike.com/w/mens-running-shoes-37v7jznik1zy7ok"", ""https://www.nike.com/w/womens-running-shoes-37v7jz5e1x6zy7ok"", ""https://www.nike.com/running"", ""https://www.nike.com/w/running-shoes-37v7jzy7ok"", ""https://runrepeat.com/catalog/nike-running-shoes"", ""https://www.runnersworld.com/gear/a22843945/best-nike-running-shoes/"", ""https://www.dickssportinggoods.com/f/nike-running-footwear?srsltid=AfmBOoq-BWRnS-4O33KF5AVi8LTY8l-zHopTTFsjMu1MNOxIWoz-t5W4""]",
2026-09-13T13:44:38.831419+00:00,10,4,1,SerpApi,nike running shoes,200,11618.41,123056,7,"[""https://www.nike.com/w/mens-running-shoes-37v7jznik1zy7ok"", ""https://www.nike.com/w/womens-running-shoes-37v7jz5e1x6zy7ok"", ""https://www.nike.com/running"", ""https://www.nike.com/w/running-shoes-37v7jzy7ok"", ""https://runrepeat.com/catalog/nike-running-shoes"", ""https://www.runnersworld.com/gear/a22843945/best-nike-running-shoes/"", ""https://www.dickssportinggoods.com/f/nike-running-footwear?srsltid=AfmBOoqDX5P6UnfEciAz1UnczRr4bbMGimk_JsCwAJzdLOrII73xCyS3""]",
2026-09-13T13:44:52.454465+00:00,10,4,2,SearchApi,nike running shoes,200,2960.25,225566,9,"[""https://www.nike.com/w/mens-running-shoes-37v7jznik1zy7ok"", ""https://www.nike.com/w/womens-running-shoes-37v7jz5e1x6zy7ok"", ""https://www.nike.com/w/running-shoes-37v7jzy7ok"", ""https://www.nike.com/running"", ""https://runrepeat.com/catalog/nike-running-shoes"", ""https://www.runnersworld.com/gear/a22843945/best-nike-running-shoes/"", ""https://www.dickssportinggoods.com/f/nike-running-footwear?srsltid=AfmBOoq8EUjN7bYRHeWQIuksvjo1HpdXLabj4NyhHUO0uUEi5VtFVcXF"", ""https://www.reddit.com/r/RunningShoeGeeks/comments/1qrzhc1/weekend_discussion_nike_running_shoes/"", ""https://www.footlocker.com/category/sport/running/shoes/nike.html?srsltid=AfmBOoohuK2DL-KOZMFnAlJIEad0yyknt80SmQ3gtZF7SI8y37jp8D_U""]",
2026-09-13T13:44:57.424412+00:00,10,5,1,SearchApi,nike running shoes,200,3554.39,155969,7,"[""https://www.nike.com/w/mens-running-shoes-37v7jznik1zy7ok"", ""https://www.nike.com/w/womens-running-shoes-37v7jz5e1x6zy7ok"", ""https://www.nike.com/running"", ""https://www.nike.com/w/running-shoes-37v7jzy7ok"", ""https://runrepeat.com/catalog/nike-running-shoes"", ""https://www.runnersworld.com/gear/a22843945/best-nike-running-shoes/"", ""https://www.dickssportinggoods.com/f/nike-running-footwear?srsltid=AfmBOope2f0-ahbVM-nKVO3fr0OUC_ODCHwTNUgdbknR2pgT8z-wQrsj""]",
2026-09-13T13:45:02.982305+00:00,10,5,2,SerpApi,nike running shoes,200,23289.64,126406,7,"[""https://www.nike.com/w/mens-running-shoes-37v7jznik1zy7ok"", ""https://www.nike.com/w/womens-running-shoes-37v7jz5e1x6zy7ok"", ""https://www.nike.com/running"", ""https://www.nike.com/w/running-shoes-37v7jzy7ok"", ""https://runrepeat.com/catalog/nike-running-shoes"", ""https://www.runnersworld.com/gear/a22843945/best-nike-running-shoes/"", ""https://www.dickssportinggoods.com/f/nike-running-footwear?srsltid=AfmBOoqacoxmoqgEpRUbvdpFXwHhKMVst4NM95P37Pms6jjtptTonx7O""]",
